# x0, x1, x2, x3, x4, y
2.974507868151778367e-01,2.895840439035015645e-01,3.886104884004641380e-01,2.272390966430261061e-01,2.788796921887923275e-01,2.805196037985632529e+01
1.509268411731744530e-01,5.071496746659298616e-02,2.250327435780663521e-01,2.443538852726188648e-01,1.826146011612900244e-01,9.716000817610174423e+00
4.002908715832707576e-01,2.823992345779846036e-01,1.135695238175446486e-01,3.917145319521277980e-01,3.275851539077103136e-01,3.702439427313557729e+01
1.111474101282962090e-01,4.513328238650082813e-03,1.076351938487934423e-01,1.098724574549338473e-01,1.066738025205325457e-01,5.702309261251112815e-01
1.762058470044043923e-01,1.369656962833538660e-01,4.699274939644598748e-01,3.594145930122041865e-01,1.831476434823831601e-01,1.429711589339757083e+01
4.188975385565710807e-01,5.380506720766242701e-02,1.507788576904726674e-01,4.574294964660453044e-01,1.684836235965805895e-01,1.190671988860367492e+01
3.965668702067881579e-01,4.784890064450706415e-01,1.261576795531937911e-01,3.442739149360668494e-02,4.264869448809908148e-01,2.606250889642454993e+01
2.477940025525091627e-01,4.748585208231082544e-01,3.504774888750396000e-01,4.710088290776693332e-01,4.241330474095038050e-01,3.433383910200790723e+01
4.622013911641561501e-01,3.548589178916830011e-01,5.392847527660593610e-02,7.185691127244414611e-02,3.407125279126007045e-01,3.260607056000478821e+01
2.734203522632594474e-01,3.528192931058635740e-01,2.563642212130112785e-02,1.160282391132707591e-01,1.659927002502464832e-02,3.306365557821994372e+01
4.539230914453798449e-01,4.402900636803990242e-01,2.408583157272381481e-03,4.563850103975208294e-01,9.646364020526959626e-02,2.702973603429052218e+01
4.200672176853388340e-01,4.633050904751777610e-01,2.651524693714389369e-01,4.780749189520814291e-01,4.804177946407934829e-01,2.691560532687881135e+01
2.568650421336016176e-01,2.554863998138034442e-01,1.432907464499911243e-01,2.972273596871070067e-01,2.384922489198521012e-02,2.724991335216407506e+01
3.574424185837820622e-01,9.721428823989136658e-02,3.859148151056577825e-01,5.523391481269568359e-03,3.520819427895445775e-01,1.618771115514369185e+01
3.841123020674054866e-01,1.370538977543739878e-01,3.434737959712924060e-01,4.818337178826083145e-01,3.358632755016845994e-01,2.233782516741556989e+01
3.103119293140854662e-01,5.555679518418715768e-02,3.191142987131856401e-02,6.022702365891990928e-02,2.366260441600488429e-01,1.400617413538790501e+01
4.294107838873089666e-01,4.430374378092873378e-01,2.336491312319575742e-01,2.069437978392463240e-02,3.433373065936850543e-01,1.758804635942481553e+01
3.654250147840832352e-01,2.343735569327932700e-01,1.651071617124569291e-01,2.601743378829543540e-01,9.248202463075377855e-02,3.425029748455816758e+01
2.792854609088332163e-01,1.238623533051861902e-01,2.638187083354501805e-01,2.861132173564470693e-01,4.033027371379266368e-02,2.002388626014990791e+01
1.409970397075903659e-01,1.644473179117992845e-01,1.189397498213001780e-01,3.788387105471412997e-01,2.365256783452313050e-02,1.626147267069199032e+01
2.310488644038455330e-02,9.497045663258452119e-02,1.785824794258087933e-01,3.212196700347649259e-01,4.271196959279571770e-02,8.394039117398293115e+00
1.745328451136264891e-01,2.058968410356064593e-01,4.853674261250781052e-01,5.944829115709948653e-02,1.887944805856620056e-01,1.649341263346405384e+01
4.795635348949062182e-01,5.952754338985882798e-02,2.039260040318391920e-01,8.918692910382980399e-02,4.513113937793748476e-01,1.460496909380075437e+01
2.477300205452426241e-02,3.849387938374350671e-01,4.223046161999685633e-01,4.217331036857865922e-01,3.677837091314724027e-01,9.035953733093366580e+00
3.742495701232178562e-01,2.353262198171516273e-01,1.113447013813911313e-01,5.801539283660811508e-02,3.099636287168684445e-01,3.431629168222178095e+01
3.908182309032937063e-01,2.478754628623104916e-01,4.070522465080326779e-01,2.936685334307614914e-02,4.245009828119531980e-01,3.187826163965694448e+01
1.788733691276476190e-01,4.551787917824851037e-02,7.955362553186634544e-02,2.700994727557058384e-01,4.762416268908080119e-01,1.001194072364415000e+01
4.127878934076477657e-01,4.558409075767643204e-01,3.799595793380457498e-01,2.021256750107567335e-01,4.983225991080071915e-01,2.331336942169873439e+01
1.754617657555047616e-01,4.092697093809172793e-01,1.526287604712231460e-01,1.439366994121254462e-01,4.113982568973411635e-01,2.976105812759524838e+01
3.704390559812588690e-01,1.962098959976144030e-01,4.083431361579776264e-01,3.761937167145650851e-01,3.697089146853892450e-01,3.094331390078432165e+01
1.195458400888612105e-01,1.325457957836684297e-01,3.983597073284914636e-01,1.983975191221464818e-01,6.888010815872258608e-02,1.007254836364132267e+01
7.730059317110632433e-02,4.664618662541027971e-01,3.801565089459398861e-01,5.896324464191482484e-02,3.000772160266595434e-01,1.841889491967479131e+01
2.153537028164497769e-01,3.171445747769244816e-01,4.778190907141147137e-01,1.882801759250547491e-01,1.787695438067112841e-01,2.700225258775769532e+01
1.843286505003055575e-01,1.569361210430976206e-01,3.949034596633825833e-01,2.625505791810158196e-01,2.056815174830260995e-01,1.286826648810463603e+01
2.193592921957578934e-01,9.646780100038832018e-04,3.722894343321090926e-01,1.755376666669722918e-01,2.652154457919887465e-01,6.248603089056081750e+00
4.698525159652684469e-01,3.991082951895931763e-01,1.995516920868505295e-01,2.172106707315827334e-01,2.753715113642815626e-01,2.564069451811528211e+01
1.600488894560769815e-02,4.463809029254271477e-01,1.702096672048549753e-01,2.679439216254094203e-01,4.816089413028270538e-01,1.229731526054696644e+01
4.551108133972292524e-02,4.496476908655462901e-01,1.026529968732653453e-02,1.202535235413683123e-01,1.508112297208002994e-02,1.639982054832098157e+01
3.820032184968606970e-01,2.057460443149936591e-01,6.151775576104090426e-02,1.385343523932441312e-01,1.613631454520375041e-01,3.125879515633474881e+01
1.751885128400338942e-01,3.637449521494682814e-01,4.311158124429175786e-01,3.953907226377229023e-04,1.694936744345045265e-01,2.420289860772820134e+01
3.345454437490453792e-01,4.358003442134819605e-01,1.817298912475344141e-01,1.791855593302471017e-01,1.833410043281191726e-02,3.846110469039631852e+01
2.969575896911829105e-01,4.164082571091551888e-01,3.574426406375377230e-01,3.609548467630918633e-01,4.107443031310621384e-01,3.771338038548178417e+01
2.309054545318215967e-01,6.815367180640563571e-02,2.163826178063879557e-01,1.434035444073045729e-01,4.024573047491341038e-01,1.169692974397749552e+01
2.316689806975069654e-02,3.768963948688992538e-01,4.894223993181197607e-01,2.604099671565293650e-01,4.421970667297696611e-01,7.969331849554025737e+00
4.808832198789496082e-01,4.449342709352974157e-01,4.190219773494563427e-01,4.128121304663947555e-01,1.439686674933105537e-01,1.758800770354654830e+01
1.299753581560298965e-01,2.013142845349623067e-01,2.609914423014442209e-02,2.561930005394072452e-01,1.710803285393704964e-01,1.810057884309422604e+01
3.468900937846486343e-02,2.838566161355631778e-01,3.455879355060170188e-01,3.068099343151454161e-01,2.139773105932024633e-01,8.384226487039885711e+00
1.290405917849549722e-01,4.601465215959732458e-02,2.249340382172368979e-01,9.567919786313289210e-02,1.052222804549876045e-01,3.534738904949955796e+00
1.817624381427550562e-01,1.487846634799090406e-01,2.456301200814842156e-02,4.475536073518772140e-01,5.229305119628918641e-02,1.677909182522834897e+01
4.855461566645791760e-01,1.915699621134673847e-01,4.841821689168099296e-01,2.439955097822516517e-01,3.000696532499628200e-01,3.203735187268957674e+01
1.153395875237218648e-01,3.130131481809864114e-01,2.181030515477149767e-01,3.611985847743600098e-01,2.124292101540776190e-01,1.879299621496789996e+01
2.677385279167917576e-01,2.604223703616181940e-03,3.076379218312879082e-01,2.860081522740888227e-01,3.645248728275203298e-01,2.615717871014813234e+00
1.843964932130419676e-01,1.162422060488791375e-01,4.679334731593838281e-01,2.174606532872320752e-01,4.350658968418304462e-01,1.541402776340079761e+01
4.690415123438995137e-01,4.635724671379789497e-01,4.116123726866545707e-01,1.371773642513788860e-01,6.330636841528236580e-02,1.380981058117723315e+01
1.530601292580663908e-01,7.868587721381992139e-02,4.903896130941628462e-01,1.657335106705230543e-01,3.630770791913092155e-01,8.873500884915662468e+00
3.153269478668594972e-01,3.032447840100416236e-02,1.386311632611506584e-01,3.281050493904641430e-01,4.685271795581799625e-01,1.352686163054347013e+01
3.755159216301931502e-01,2.045890761849658013e-01,8.115357323604799333e-04,2.742893555309930398e-01,1.562789765638416539e-01,3.160219136701397602e+01
3.365132922931537429e-01,4.883047222320847092e-01,2.734920684722956796e-01,4.863892521648691680e-01,4.086996674489360437e-01,3.253738089567882952e+01
1.897102843660857796e-01,4.763478610646890710e-01,4.693844983321621700e-01,2.636148985331861483e-01,2.532447632612145894e-01,2.999724232902101306e+01
2.601376384303949463e-01,9.032050648600969955e-02,1.693745507913176906e-01,4.974210936963731622e-01,4.531431025860979678e-01,1.837408951960485126e+01
1.453480919375345626e-01,2.542963222752047114e-01,4.804006032061703402e-01,1.769581307222659050e-01,4.511639916998461675e-01,1.836679034085538476e+01
3.193637284907772100e-01,3.609371906944723873e-01,3.659318725966468344e-01,2.216389911528168777e-01,1.879149769928911140e-01,3.367040610236157505e+01
1.470682403141454486e-02,2.932868096836449556e-01,3.326184638082889111e-01,2.648523788422223468e-01,2.933565830216350312e-01,7.567989157257843047e+00
1.770491732348010161e-01,2.855371115639005475e-01,2.199744691642735450e-01,2.568161638003818581e-02,2.348129980663238858e-01,2.407846500356247788e+01
1.097152248498272087e-01,2.279639008006304479e-01,4.406563529341246954e-01,4.342595053403880412e-02,4.780718703842311568e-01,1.568071448573856586e+01
1.745026010656492432e-01,2.915124661719079024e-01,2.418673070384060875e-01,1.074015290036285375e-01,2.656016013247750052e-01,1.866198239558534056e+01
1.579072385889488395e-01,9.589770441530037770e-02,8.466496865424283369e-02,2.905341816114308529e-01,1.025615212297039669e-01,1.311029315274005391e+01
3.831742181484274479e-01,4.719750513500848288e-01,1.117530376153035854e-01,3.877961935895247181e-01,3.483614056640343959e-02,2.616381740121039812e+01
2.262001987701024452e-01,1.340185124564196584e-01,3.946493147319216077e-01,2.661333162416454901e-01,2.086572055219161892e-01,1.404544656734341679e+01
8.658497944258020107e-02,3.290805237113915149e-01,2.331250057651748087e-01,3.753744523417543721e-01,1.319837826152677196e-01,1.851052477467266399e+01
1.718447526455426089e-01,2.993488705473124623e-01,4.996322945542911453e-01,1.707183880366124340e-01,1.481075387600543913e-01,2.160890633304157404e+01
4.209885695473193912e-01,2.001676248563443172e-01,4.241677880377711651e-01,1.867647670094554901e-01,2.726888112141805931e-01,3.371941790814204154e+01
1.172950727576427266e-01,1.925848732628130389e-01,7.678287423799412537e-02,5.052696191600547504e-02,3.672566859773749859e-01,1.382437054211478511e+01
3.217599992255515406e-03,2.369264314351022804e-01,4.392513753611062555e-01,4.373906345481333169e-01,7.504563428890248522e-02,6.553521113220948990e+00
5.867488966521688942e-02,1.245932029396195628e-01,4.836378350573939944e-01,3.068485429831270817e-01,4.642705782573932072e-01,9.705477277473610442e+00
2.220562269175132553e-01,4.517390844191887522e-02,5.816343319342504037e-02,2.217471260940394595e-01,4.246593862409001607e-01,1.072394697095166372e+01
3.367327268953217989e-01,3.816542260399267694e-01,2.283673015519245286e-01,4.118289386585645695e-01,2.720376823813944189e-01,3.560791352510798191e+01
1.024130052876713326e-01,4.093018825725421861e-01,3.272785565835933941e-02,2.724891562011146351e-01,4.363689073171496124e-01,2.576260293555195346e+01
4.109557390599193338e-01,3.289925306241530678e-01,1.726264726123841187e-01,2.104745274491707785e-01,2.234221470242575003e-01,3.542677947525462656e+01
4.667176858069349010e-01,2.170228565981022206e-01,1.931713619140513760e-01,3.489883439635869111e-01,3.675807095933688595e-01,3.832590056704579951e+01
3.365960532956245310e-01,9.102160971688066926e-02,2.521928652072001897e-01,4.776763006325568384e-02,2.503536897177060516e-01,1.364843121458401676e+01
4.143825866454716178e-01,3.731857203605042916e-01,2.188032758052828042e-01,4.937747306150592763e-01,3.578981738843045601e-01,4.151947177155227564e+01
3.315061392542126284e-01,8.268833407208764363e-02,9.815009479937070180e-02,4.963575385367074988e-02,3.529534000118655923e-01,1.592958939721689937e+01
4.378225551778783253e-01,8.238880153745864465e-02,1.883464204890377691e-01,8.309887434070517553e-03,4.255893190905097878e-01,1.843846579297160559e+01
6.967384369022855406e-02,2.642333020706196800e-01,2.946656309610469204e-01,2.899054003035421712e-01,4.871519154639228355e-01,1.366250585006270057e+01
2.847768063194539567e-01,4.077098484777706422e-01,5.308949368588927742e-02,4.337874962381040866e-01,8.019299674750457463e-02,3.899790913988507413e+01
9.031653242961168448e-02,2.136329083459308498e-01,4.117471245512133726e-01,2.668572935202319640e-01,2.635134673529981875e-01,1.188609238365619447e+01
4.230453674382969598e-01,2.812990737376379058e-01,4.956439189302658255e-01,2.474280234752392893e-01,4.795376610444939125e-01,3.596549878905612729e+01
2.335103648998756443e-01,4.837901421451544226e-01,3.942318031243659537e-01,6.074684324977286387e-02,3.339692826980492635e-01,3.609540950505004275e+01
1.934157976486097774e-01,1.845209163453184753e-01,2.759151979873875060e-01,3.901005117406138867e-01,4.065936607846726836e-01,2.135466814970093807e+01
4.750418858373330888e-01,8.554001658255233620e-02,4.631677847780649171e-01,7.936846713725131952e-02,4.721341312002649837e-01,1.687407592088012365e+01
2.813180343820841922e-01,9.362800317368030756e-02,1.310173684160657603e-01,5.919055367183562177e-02,3.760593309798906381e-01,1.753064662727268797e+01
2.812329190272289114e-01,2.903736073430740472e-02,4.932274460135818717e-01,1.494430666493563598e-01,1.926960048921839141e-01,4.833769945658830558e+00
1.763512109795640215e-01,3.912016247806459068e-01,4.587810367461256367e-01,4.780269572291242497e-01,4.661611435071542631e-01,2.890756614273292513e+01
4.431063367266817599e-01,7.660217470830271713e-02,3.496631034949976291e-02,2.516725450485511884e-01,3.795649207596945574e-01,1.859587208698275873e+01
4.481644328173484682e-01,3.435164969808640056e-01,5.823302758699017145e-02,2.211227259767012399e-02,1.595806222354616000e-01,3.330836852485929711e+01
3.514659920220456479e-01,4.852133165637594892e-01,2.132641231056313091e-01,3.383082360406156619e-01,1.517511552615920523e-01,3.156413906734943353e+01
4.662680712859142984e-01,4.524292736209963306e-01,2.699310540641937650e-01,4.401444573977226771e-01,3.344709011375399110e-01,2.063259924688535563e+01
2.934978022361478533e-02,3.684079810973335256e-01,1.533643943593644421e-01,4.335881197629723460e-01,1.307845858819468576e-01,1.070873255476569952e+01
1.386481689461508404e-01,2.372978848372648275e-01,3.274152886805203888e-02,3.137177496426734047e-01,2.878470203969396568e-01,2.137506783663762278e+01
2.512457273218533516e-01,3.969110991979988845e-01,4.381294865639039915e-01,2.238053754277535834e-01,2.413077549904739660e-01,3.141391981951528933e+01
4.185171055976111276e-02,1.257927256368036040e-01,4.326376057706901590e-01,3.222287470566365108e-02,3.158039776466201598e-01,4.489437224630187906e+00
1.262156403282205241e-02,3.870976861001657054e-02,2.508899076140252427e-01,4.493545223924671483e-01,2.009025280006017100e-01,3.299236145585042301e+00
2.350796700982750176e-01,5.933781542812543996e-03,1.791144219708531993e-01,4.205692948642497098e-01,2.965680967013455405e-01,8.625659425937005409e+00
3.280517752398531828e-01,2.830614319304671778e-01,2.774608751915442761e-01,3.436969807958217826e-02,1.491405018460292276e-01,2.650407802993846218e+01
3.561026345048888819e-01,1.512170053302726025e-01,4.876744948568756399e-01,7.758187109537090231e-02,9.363401353931810611e-02,1.803367379676339866e+01
2.502990582540399189e-01,1.548122988169661207e-01,3.479847134423026400e-01,4.555337693098382990e-01,4.075166941235212059e-01,1.984655256948425972e+01
5.627954657748956979e-02,1.126809122458367063e-01,3.196909944108500823e-01,4.930796151290233742e-01,1.389113595201528217e-01,7.186652850010172955e+00
3.450073453448320171e-01,4.834508809850538991e-01,1.273993913399773525e-03,1.789091574317052125e-01,3.142221708518344592e-01,3.237460419770061293e+01
2.441401115648841880e-01,4.028987432999281415e-01,2.878039728300658684e-01,4.445714915981556214e-01,1.491717981648915670e-01,3.512557942635692854e+01
1.168731250881895334e-01,3.943452949975879696e-01,3.621118977371702297e-01,1.544789138927821770e-01,1.784463671287288555e-01,2.106531787373389975e+01
4.666475786951038152e-01,2.283980063726293031e-01,1.826487834231784180e-01,4.004315983236256260e-02,4.851509929851903768e-01,3.140154441022568221e+01
3.210335209829543457e-01,3.747649975719823390e-01,2.536888936211362244e-02,4.312349120475879594e-01,1.193073638898870525e-01,4.142192463319970841e+01
2.707645766438811497e-01,1.585443601270866698e-01,4.504810859458182049e-01,9.805611799925884053e-02,4.616560590960882005e-01,1.873892657286501873e+01
3.801928755574778274e-01,1.636022258364098203e-01,2.449936369373372225e-01,8.102031348748495176e-02,2.882432068267187231e-01,2.397007641544467660e+01
3.697761271846801145e-01,1.051034726429477262e-01,9.940109756536247287e-02,4.996480071133558298e-01,2.971142617556112864e-01,2.683997875045659498e+01
2.219642829189638622e-01,2.243405077406597226e-01,3.005497116529194934e-01,4.001422037015673339e-01,4.490784701126993017e-02,2.205443982637797262e+01
2.804894587942750039e-01,3.591704326043498874e-03,4.758151808698369845e-01,4.380963050287166594e-01,2.808578104287245969e-02,4.122367455450435259e+00
3.520661268579534653e-01,3.829685198445734184e-01,4.950707546708781881e-01,6.899515267218886416e-02,2.579700937131550464e-01,3.262277546109064730e+01
1.617307863864666517e-01,2.440467288271236379e-02,2.789341492687304469e-01,1.169216765685758830e-01,3.778468008481098428e-01,8.506263899701579589e+00
8.752824721609264724e-02,4.054420586359418488e-01,3.373360311940850620e-01,3.107756471895014583e-01,4.637668372989559584e-01,1.931651126111832895e+01
4.462842708048918583e-01,1.339953327981356912e-01,3.649587667382553913e-01,1.125269492125435811e-01,4.962909486887691068e-01,2.810455376754533674e+01
4.358490972339292280e-01,3.995462918919806539e-02,5.466671069513295844e-02,2.088398076136379067e-01,3.957512328134704105e-01,1.327696225496561588e+01
3.759543005056319442e-01,3.187948571377794416e-01,3.498998052223213917e-01,3.259225930476872812e-01,6.767375729631064374e-02,3.380310853458997400e+01
3.871237829174427603e-01,1.643085508100911030e-01,5.523302224441811736e-02,3.142521979758371442e-01,2.683456119971598941e-01,2.840291927010908424e+01
8.974042785239205733e-02,1.371861817356157531e-01,4.189743956221793630e-01,4.576086191199462694e-01,1.908311347133745395e-01,9.148277056326350021e+00
8.442979597528177393e-02,4.309199876782887628e-02,2.409585971129360460e-01,4.308399372959753615e-02,1.187626251249435105e-01,2.678670384187268105e+00
1.102476091193864138e-01,7.705964054687963749e-02,1.288201191556520020e-01,3.262524717962398957e-01,4.237401471084528137e-01,9.426573819945847532e+00
8.894765553171729566e-02,4.305765830616125056e-01,1.820136180669704173e-01,4.867200036794958051e-01,4.477145657895986175e-01,2.191002336637923520e+01
2.899439762426693767e-01,3.252813332533823210e-01,1.663526276283783245e-02,2.887622421979824106e-02,2.691172543560426678e-01,3.705322062166456476e+01
2.635977440918152448e-01,4.653641285204708766e-01,4.471352667675071446e-02,3.859634869103708565e-01,1.848239418791530753e-01,3.933538844617457642e+01
3.303787759631329202e-01,4.926820120682447457e-01,1.334086071653799443e-01,4.289679584406275725e-01,9.225041627534502631e-02,3.612560861364692499e+01
2.792673395971954631e-01,4.275231479951623892e-01,3.441866940150697385e-01,2.226044155061313590e-01,4.927645411298991474e-01,3.472282366842707546e+01
5.813768758374127099e-02,4.670684430623976424e-01,3.012819163983350146e-01,1.343635769488631948e-01,4.323992560490580450e-01,1.316216348961230942e+01
6.866319997762931893e-02,1.515044219585045537e-01,4.285267087687139598e-01,4.243736137581779477e-01,3.968791355702838697e-02,7.819048413225534233e+00
1.714845972999482493e-01,1.498479605581540808e-01,1.716047814180082787e-02,7.054129682097154408e-02,3.869330486968129978e-01,1.703375107434013103e+01
3.017721139454010437e-01,1.921047219100622816e-01,7.496619495291206858e-02,2.837610953873550557e-01,1.609671568477806236e-01,2.807001755966438594e+01
1.065105325508046152e-01,3.725421595650428297e-01,4.307127668609350701e-01,1.276483599995710816e-01,3.625693343873347407e-01,1.688144305040932736e+01
3.346651405314355343e-01,3.402706778428037926e-01,4.256032385280840158e-01,2.896891862490346692e-01,1.201640782425054677e-01,3.553916419247718039e+01
2.078689542321952022e-01,3.414735158775677459e-01,4.884585022462337722e-01,1.835651365994866446e-01,5.004346357777644805e-02,2.776378037888145300e+01
3.880403101694324675e-01,4.574599385926476081e-01,4.773504206773954706e-01,2.540298857396514065e-01,2.400095797770113171e-01,2.447858072915617811e+01
1.738049181544747968e-01,4.653469741166834650e-01,4.286567939662724869e-01,1.532833639839929485e-01,5.725920410051882348e-02,2.859415907721430727e+01
1.154133291244789361e-01,1.824126866325270768e-01,8.202533958832064487e-02,2.268680465300698668e-02,1.400188545238635895e-01,1.433158576219816283e+01
2.537360857890216259e-01,1.632372877564298719e-01,1.871424434259356118e-01,2.771322848618001378e-01,2.775256515654815348e-01,2.283144882719074076e+01
4.006525505631713391e-01,3.016408168488923791e-01,4.817274421502563686e-01,1.086615400714996404e-01,3.257138181413631872e-01,3.275696635315171790e+01
2.493776361749927561e-01,7.878533742780624571e-02,2.289064556929800709e-01,6.973093284462417163e-02,3.401824528808260473e-01,1.084226266807205974e+01
4.404092850924412605e-01,1.146864153374190232e-01,3.854093277136004247e-01,1.578677824800129303e-01,4.886407819711074962e-01,2.105263467775074560e+01
1.835801635499246243e-01,4.386657253666856326e-01,2.941679464208835082e-01,3.407380894885512768e-01,4.824247843884069686e-01,3.276273920435782827e+01
1.473624956630487093e-01,2.384321853593807106e-02,6.534126501569487155e-02,2.015054550165124581e-01,2.703805446945513613e-01,7.809241908883818084e+00
1.714572817935989812e-01,1.424593690418413106e-01,2.474614816227705405e-01,1.407254853215465507e-01,2.719210342030601857e-01,1.480738732508253008e+01
2.708856322191428023e-01,3.908739483650174873e-01,4.890116807250893260e-01,4.858808691997841267e-01,1.598266388708779462e-01,3.219228380337170137e+01
1.650424016743982647e-01,4.252819020658331062e-01,4.149506818142395526e-01,7.844736645179534174e-02,2.192867956877906921e-01,2.553849262591841907e+01
1.767612216055872154e-01,1.343055257166340666e-01,2.029531377238358303e-02,1.720465521023011868e-01,2.897666085657246704e-02,1.471978716921426411e+01
3.500558617270631556e-01,4.068094700685874754e-01,4.678717775706021653e-01,2.014705219471973896e-01,3.416956054149394295e-01,2.893676211753015082e+01
2.008829848505584992e-01,4.555661801149194501e-01,3.194115459721124095e-01,2.262538145751561425e-01,3.879777365216187102e-01,3.136838055768903999e+01
3.058182432315443289e-01,1.835090299334561914e-01,9.054855920075599585e-03,4.614057080953212764e-01,1.940363348727314752e-01,3.157067924071692389e+01
2.867417165780306587e-01,4.308192452612896739e-01,1.191316949381384660e-01,1.801461601285617165e-01,2.565595464152169991e-01,3.677976367831033144e+01
3.622854989781916224e-01,2.757241700959760511e-01,3.480810761206619697e-01,2.656657885508459938e-01,4.213282152777059197e-01,3.641739437788147882e+01
3.110140555355084269e-01,2.602750796519586185e-01,4.139990299744615854e-01,4.533336499916938989e-01,1.501736654324708486e-01,2.985052716555995644e+01
9.297287382832769564e-02,3.628238023867298434e-01,1.902908372200217135e-01,1.689690235280500441e-01,1.662682369662561443e-01,1.850946877399367096e+01
4.996343599842795191e-02,2.275330752204151041e-01,1.338034277136070926e-01,1.383957784693867210e-01,4.723414921923595466e-01,1.276340407979758318e+01
5.539494684523826873e-02,1.072763510321404490e-01,2.855997930006782259e-01,4.541065144468074966e-01,4.030831247015422836e-01,6.375203066179033762e+00
3.871489318794796852e-01,1.252056109250822002e-01,3.138926455922994574e-01,4.837062909688703005e-01,3.021195381519196088e-01,2.433373964360271913e+01
2.562124293126898933e-01,3.520762880607720691e-01,1.176909535172626087e-01,2.775630107632117149e-01,7.697039050372567193e-02,3.605978581462934329e+01
1.347316731779287236e-01,8.075194453922385218e-02,4.418923973017532258e-01,2.310962410725490024e-01,2.671962623063288134e-01,1.038842909091320266e+01
4.992220721023969410e-01,6.527095865034104882e-02,2.696802938068670330e-01,4.147851619904183162e-01,1.036582483119420917e-01,1.739524415051320716e+01
2.619755821299964982e-01,3.935817734450303140e-02,4.761908348492609466e-01,3.970246435991195422e-01,4.812524114142928133e-01,7.194914398701264702e+00
2.786555004343803654e-01,4.291475784148195416e-01,1.112738196025295778e-01,3.283255217129759096e-01,4.431482059492745096e-01,3.977367499294793163e+01
2.802891976076897218e-01,3.805031599324539271e-01,2.797478548201484116e-01,4.060478062137046207e-01,4.681713730105868665e-01,4.087291547496845823e+01
4.021696134651496779e-01,4.273909749863888385e-01,4.956698551255289686e-02,2.207892235868469943e-01,1.116776111376126535e-01,3.148654265745595282e+01
2.007526065879304267e-01,2.712095715830979969e-01,3.953821356421067801e-01,8.807829675543260572e-02,2.968052029171632245e-01,1.995666652100673844e+01
2.140555268382246523e-01,1.468232199851593478e-02,1.018793032874433790e-01,3.656486021149924492e-01,1.076843794792547993e-01,8.912446868609048778e+00
4.739469265926659625e-01,4.710723239851887789e-01,1.166808336927253609e-01,9.054384661196457351e-02,3.196394318180444394e-01,1.548576099846022736e+01
2.239571442561161252e-02,3.505923017467655889e-01,1.278672958161689022e-01,3.635743641446714247e-01,2.756620768791427922e-01,1.267745366851295685e+01
4.314241726300268587e-01,4.005386895770554068e-01,1.748845843829692215e-01,4.489496024031986998e-01,4.829016032488858134e-01,3.463895031511844991e+01
4.138070458404366492e-01,8.616088854495967952e-02,1.597384029208810396e-01,3.489079219879934746e-01,2.947535064165549001e-01,2.188538131948961407e+01
4.459775017233899019e-01,4.459494701844973208e-01,3.700985482585591457e-01,1.944909658665056607e-01,2.958747175827005638e-01,2.115273445718956680e+01
2.432651868303776221e-01,1.505361447681744513e-01,2.815393125698616994e-01,4.650736511040001742e-01,2.112594976988373396e-01,2.221219520138861725e+01
1.293547725782815405e-01,3.493075329390427086e-02,3.368674033617304331e-01,3.583814633444317166e-01,4.009691871175193878e-01,7.700882112417766656e+00
1.671242014297009693e-01,4.954140198924321670e-01,2.382700776809347221e-01,1.386156368486571311e-01,7.558297645624778571e-02,2.842365064117890938e+01
4.663009051108413239e-02,8.392737526929494596e-02,2.883478501256733217e-01,3.356749797990133954e-01,2.737934943711306524e-01,4.016790838532534380e+00
4.166250935611137129e-01,9.880368893628627136e-02,1.056799823668463367e-01,3.647986150698782626e-01,7.099151693066324542e-02,2.425055612002584127e+01
9.903238351884485757e-02,3.122476104043510059e-01,4.350807630719458197e-01,8.846062972929502610e-02,1.791589607365057790e-01,1.676789281179040714e+01
6.442080966112151419e-03,1.336687685931564618e-01,9.558081366966064696e-02,2.542913781753573521e-01,2.966350620191052223e-01,8.590176967776450567e+00
2.310261282341197764e-01,3.797480027706522931e-01,2.148203507337800855e-01,9.085517844455204273e-02,2.844932276515760305e-01,3.046586199913291182e+01
3.199055207304779547e-01,3.599597028005603883e-01,4.567671364079989305e-02,4.739066893031902983e-01,3.984317481139985073e-01,3.930067192001287424e+01
8.349515270229607156e-02,1.086642794456512684e-01,4.642619839711632501e-01,3.092066983531721047e-01,4.383186481023823577e-01,1.314823689184474276e+01
3.638211909569990521e-01,4.469530979795600101e-01,4.100688408237531113e-01,3.852574504060276572e-01,3.195910628983025248e-01,3.097395704905536107e+01
2.400472577398994334e-01,1.399801424231983393e-01,1.188605341334452170e-01,8.033974004725141782e-02,6.558650055661163769e-02,1.390659167927471884e+01
4.862971945006105967e-01,5.497248376217139798e-02,1.014432822737164619e-01,4.824721501820193326e-01,3.511954474714936714e-01,1.985055019096473217e+01
2.245572819535796016e-02,2.141204053976087929e-01,1.709256246355989051e-02,4.960926185478245487e-01,1.571477995785064974e-01,1.422887877962071279e+01
1.223497044271886769e-01,1.003118637786673539e-01,2.258458210940829103e-01,4.356451495446628241e-01,3.176728676080387004e-02,1.138041864915082968e+01
3.640085120575488054e-01,1.046174912696415382e-01,2.435387178385411966e-02,2.307642216906562460e-01,9.258740831940387439e-02,1.928102330895756111e+01
3.432788213711984726e-02,4.523454286212975073e-01,3.436972442897287539e-01,4.066870564777925745e-01,4.972103556307727046e-01,1.101021328199844440e+01
4.579425135745509579e-01,3.297010774584588355e-01,3.348560069904065739e-01,1.883398539212820522e-01,1.922035787116814776e-01,3.217729713748183684e+01
2.339740302604068067e-01,3.428475005276841459e-01,6.688574316310252899e-02,2.492129191418219203e-01,3.941395286833062617e-01,3.203170415654264502e+01
3.811069860690956546e-01,1.044867556199770009e-01,3.132937288257838793e-01,3.499448021257657859e-01,2.641904210855661184e-02,2.169590276325845224e+01
2.244038899028978351e-01,4.450637090810040664e-01,1.021682956099531081e-01,1.907305655371646647e-01,8.138968958046272073e-02,3.325311062017221531e+01
2.200212411199616303e-01,3.046630613517841701e-01,4.155939256501611778e-01,1.977796289813170127e-01,1.550596405028368818e-01,2.442536674278924380e+01
3.865644899167233195e-01,4.580478444288133000e-01,2.237628396560096822e-01,3.460792876269854212e-01,2.834234826096262427e-01,2.941500577784512416e+01
2.643097343025969659e-01,4.722377258793110655e-01,4.396314483717198018e-01,6.369784927864385882e-03,2.738916897045582943e-01,3.134757205288832438e+01
1.370053421464521581e-01,1.571624394981249173e-01,1.360048230795307678e-02,3.616553208891531979e-02,4.973762082310932420e-01,1.620032337190365013e+01
3.488818454317518802e-01,2.001844645870857198e-01,2.793930218533290932e-01,2.767572380310195923e-01,2.644256063485117547e-01,2.830683576089361253e+01
2.229156473088112489e-01,2.223108953172453495e-02,4.573574382285248152e-01,3.685533405194901801e-02,3.466452083369159221e-02,-8.634761867197848773e-01
3.728264814707234476e-01,2.680225868596717853e-01,2.373377686848126000e-01,3.068750903779393080e-01,8.554352839202805647e-03,3.313501897013858155e+01
2.152779799127521598e-01,4.091201248808961632e-01,7.817128500823217196e-02,4.836219399666822349e-01,1.562474675308365146e-01,3.853543596262581161e+01
9.736546257817074723e-02,2.868987532352818004e-03,2.419714035376203110e-01,5.344778907670982848e-02,4.526062060617098703e-01,1.000454258707759081e+01
1.460765325919535784e-01,4.312939255862129340e-01,4.316556511401959395e-01,4.389674636450221490e-01,1.809507709340181236e-01,2.947349076672498924e+01
1.051865032704684677e-01,1.750908087223972398e-01,3.987317242758797731e-02,1.266929692353650494e-01,6.855285442238123750e-03,1.492342370612121094e+01
3.275633088597851295e-02,3.732877024541955135e-01,3.783456520868345163e-01,2.150139471386794954e-01,4.898602110358354911e-01,1.083850183126461353e+01
2.126526411161989705e-01,1.956532096116789798e-01,3.887577670663929785e-01,3.331940203938891787e-01,3.041795465136890031e-01,1.894280337956183047e+01
1.611399221175058849e-01,3.124521496294624390e-01,2.540204662918516543e-01,2.947835982551681444e-01,4.910805930322539314e-01,2.688249711894022909e+01
2.198423748523362087e-01,3.902829410410246780e-01,3.316714019435139105e-01,1.060912879904157280e-01,4.361454380301154066e-01,3.014684454588558538e+01
3.896251446277942954e-02,1.208247807427119680e-01,3.483636712966274307e-01,3.323619114032352884e-01,3.958101493706930318e-01,9.343398046689930680e+00
3.191809487478577401e-01,7.324874037816159200e-02,4.581362225377377806e-01,3.815378589007473176e-02,9.749653326061924474e-03,1.028242493778567734e+01
9.175792377543751099e-02,3.297020542793643871e-01,3.472521378687398186e-01,4.277714568242086957e-01,1.337813266577148053e-01,1.420326415033000522e+01
1.096768865986809116e-01,2.371093447888486527e-01,2.816295240061386096e-01,4.721876554049285191e-01,3.996309763092948941e-01,1.837914106624966948e+01
1.743829667186380106e-01,3.894421466284031519e-02,1.606016953619009424e-01,1.679295294969742058e-01,4.107219215227484455e-01,1.379321752220965891e+01
4.271305646317729576e-01,1.652734268204128498e-01,1.499894451288602548e-01,2.527742388080461700e-02,2.608715508291685192e-01,2.773000028892145252e+01
2.067836699090277452e-01,2.429429513125869189e-02,4.924363298733215322e-01,4.184695758663459775e-01,1.568585029367157713e-01,9.356373980761031106e+00
1.046014560823729234e-01,1.668046627166769880e-01,3.554597449924594699e-01,4.621222363914926912e-01,4.079623705244178611e-01,1.294458484552671251e+01
1.054650026554039832e-01,3.694177121747860282e-01,1.026088181753199713e-01,2.070129328805662694e-01,3.051066602140368733e-01,1.939279259792284904e+01
4.864779788420804385e-01,8.847068534701241216e-03,4.162573324523063389e-01,3.304723220499638514e-01,3.516336142355762084e-01,6.654276610447332096e+00
8.164347523648668448e-02,1.599051853702493919e-01,3.162073084595905526e-01,2.243225683182618613e-01,4.754120758151367809e-01,9.574648502526851956e+00
2.382006175238065016e-01,3.427504663767410586e-01,3.841829055582015595e-01,2.328878226949695485e-01,1.955240372850994279e-01,2.784424006160212528e+01
3.429548296479212333e-01,3.904166746073377547e-01,4.444397463967590389e-01,2.193434516940715451e-01,3.361193912074150192e-01,3.520610386054067220e+01
4.695737927258922251e-01,2.944545063912779037e-02,3.870412613584794936e-01,3.058394137684633529e-02,4.089881140573652929e-01,7.321173091240416042e+00
1.709686040171654597e-01,2.693940752259483262e-01,2.543806914103746708e-01,4.670796021665899467e-01,3.948723333230270693e-01,2.285056084206842186e+01
4.517330615350642620e-01,2.579379920047857322e-01,9.616584475228101558e-02,6.299302299729525600e-03,1.700504178578932102e-01,3.448530366232730415e+01
2.013378574790691267e-01,1.809374831947803686e-01,3.560801357901099973e-03,4.864561711280553369e-01,2.651468912184792304e-01,2.475839446721426285e+01
1.786714364189451176e-02,3.151883392323380773e-01,1.648136736098811395e-01,4.364561125442248946e-01,4.438584780805387986e-01,1.275426628954393848e+01
2.519331732379873623e-01,8.643488288688755405e-02,2.935788805253589651e-01,1.831735377289470112e-01,8.500234153134977877e-02,1.268116969835595853e+01
3.061933141943410375e-01,9.791855175452224280e-02,5.316588187454107661e-02,2.502974011371890684e-01,1.110899414848157130e-01,1.988291894733568199e+01
4.925898186304098481e-01,3.361185878909179747e-01,1.225950236590152564e-01,2.936720882016481959e-01,4.242363137147295848e-01,3.695634981775638295e+01
4.845829307098253880e-01,4.740554887508537374e-01,3.208841925447504240e-01,1.727725100567039651e-01,1.744095768833710536e-01,1.122624618339369462e+01
4.575078787965640714e-01,3.065368383488232262e-01,3.175098537678326949e-01,6.494513176756994133e-02,2.113291212311511624e-01,3.064684826822150754e+01
4.211031911256670757e-01,3.702931008425011661e-01,4.270255084994567518e-02,1.318550967914395855e-01,4.354154508640304400e-01,3.329633356462247207e+01
2.245739647647606030e-01,5.948064644324546624e-02,3.287197410544081544e-01,4.490559971273743733e-01,2.577882901121658632e-01,1.012686616390862859e+01
2.754205981968566030e-02,5.227383000611340869e-02,4.668255023034592610e-01,3.607868050006374228e-02,8.120749379837771675e-02,-2.219924474539443082e-01
2.367009230970980593e-01,1.335083360993152835e-01,1.499604852243128228e-01,1.974811509385190345e-01,8.461553827611284495e-02,1.674592412225815252e+01
3.241026114079407217e-01,1.120419166197154093e-01,2.353632951884726543e-02,1.036704005078104007e-03,9.875790200870765423e-02,1.813070882883177859e+01
2.384001460578508147e-01,1.882093467179165036e-01,2.453492321162438761e-01,7.283963831485129603e-02,2.715594634004068197e-01,1.559932618371005475e+01
8.115147928419080836e-02,2.285725131813595157e-01,2.784035545728461014e-01,1.774859001789569346e-02,3.777249495416640235e-01,8.658411274325493068e+00
3.214926765182007373e-01,4.412546768276338072e-01,4.116361476204344338e-01,1.679339088368901334e-01,1.380671311274754842e-01,3.706178132325144503e+01
3.542735211280639285e-01,9.634589550391703394e-03,4.106753342687403108e-01,1.798831623775315469e-02,3.399333265026157069e-01,8.741975061739677422e-01
1.286250934552135017e-01,2.331377446257472119e-01,1.230613501548211697e-01,2.648039135721457771e-01,3.409118963381345124e-01,1.798876967863716203e+01
4.828277757472231868e-01,1.140890905111003328e-01,2.484640994118423873e-01,4.072908752846436387e-01,2.122266667445407151e-01,2.317028864303149405e+01
2.239534225061722283e-01,2.663621828704002548e-01,9.988700300118946718e-03,3.199834621106165122e-01,4.598599788748760631e-01,3.100221050864013961e+01
1.240262773345491287e-01,1.323494310899852033e-01,4.196055387922931756e-01,1.663396529984444983e-01,3.648099968242163316e-01,7.287764745734645722e+00
1.521801243952642935e-01,6.656217864504943016e-02,3.330850248634914523e-01,4.668473673754047759e-02,2.126646609964474854e-01,9.090744329684424585e+00
3.900483548923294741e-01,3.675916983597414811e-01,2.371444162287927870e-01,2.796901653011301114e-01,2.549270152227192665e-01,3.537234962615271172e+01
9.047072462659461189e-02,3.601124956930288334e-01,4.211423027844536926e-01,3.418410754595080370e-02,2.592847134499765005e-02,9.133455401944809537e+00
3.643574151907919001e-02,2.498487979665580672e-01,4.073848488380632515e-01,2.078187821547478054e-01,3.727037588007451330e-01,5.986869584119805410e+00
5.955743263364809970e-02,7.427495070011219669e-02,1.063673051327477803e-01,2.323852764131338899e-01,4.422756929484187305e-01,9.534910399150964722e+00
6.738685459649274012e-02,2.357254258223907550e-01,6.443664456484454739e-02,3.982808962230898753e-01,3.861145072094405162e-01,1.841523338800021392e+01
2.054985438725743241e-01,4.446796852856700344e-01,9.980615893084798795e-02,1.421669033510922220e-01,2.359157667724502971e-01,3.350084480643785412e+01
4.419227876376141673e-01,4.348651298405697418e-01,2.029745390803296967e-01,8.479097738983293331e-02,2.432297109111160038e-01,2.121680201888157313e+01
3.547904698357697284e-01,1.223009188824051852e-01,3.085836264618667668e-01,1.322150084191248687e-01,2.393919106431104393e-01,1.946672132201428340e+01
2.201964732962351512e-01,4.145602721843855698e-01,2.118647601786072254e-01,1.215430005066186481e-01,1.833258515104544961e-01,2.683698432908485643e+01
1.112911087660657938e-01,1.048051805815211068e-01,3.580800278208063347e-01,1.931871095363224544e-02,3.483643413266745981e-01,5.430368236955251504e+00
2.459157979745568712e-01,1.772118523225613695e-01,4.728773111703096776e-01,4.665205023007589769e-01,2.262002284498754179e-01,1.949955357412373402e+01
2.955582841472692568e-02,3.838197032121243857e-01,2.905202773180581288e-01,3.323236590958357772e-01,1.733314427565842419e-01,1.152392535173869703e+01
4.458445112109480357e-01,4.801356914808941889e-01,1.832031440937299527e-01,1.312730280980537456e-01,1.065639393228358656e-01,1.928769232248367871e+01
4.590794158673988656e-02,1.449893204872076957e-02,1.305114244452889594e-01,3.912898679575728123e-01,2.214170854068457372e-01,5.871849439972169016e+00
2.425999091023203769e-01,4.799543472614185013e-01,8.530057644324912092e-02,2.665845667046810030e-01,1.940115289529751874e-01,3.822343829341099308e+01
6.730919299415694113e-02,1.140963604906045092e-01,1.566017864280667693e-01,2.729970274194551960e-01,2.039095651732387715e-01,7.569619134861548027e+00
4.229958124743219972e-01,4.101591165240271453e-01,4.299090803608497380e-01,1.029894505572103158e-01,5.604399734850046277e-02,2.398464090170952190e+01
7.119760962156496120e-02,4.189519660666479739e-02,2.669423040505558564e-02,3.291393585696303914e-01,1.485749341546165891e-01,1.182262799873715586e+01
6.332421255391601500e-02,4.717573218040183036e-01,3.556500293289895920e-01,1.072836911129567694e-01,4.125974090501552949e-01,1.890928287926178086e+01
1.703943950709330135e-01,2.613106596809688931e-03,2.364952770240550950e-01,1.414680448741156837e-01,1.101837701110760515e-01,9.835643157400055792e-01
2.518055745279057511e-01,1.409527842790392338e-02,4.595259860887654924e-01,4.074263148691363856e-01,4.668379286425743957e-01,8.418968921538903416e+00
4.304560613082709652e-01,1.852768550916925605e-01,1.801610699297240270e-03,4.273703123787893632e-01,3.588036236979587068e-01,3.918562823953485008e+01
4.782731393036736001e-01,2.795867991303694344e-01,4.690048154771204181e-01,4.250501651033182782e-01,2.568273721961419342e-01,3.225694859174123508e+01
4.226041991591011904e-01,3.832728875458980000e-01,1.128422668019624653e-01,1.225847996578314225e-01,7.426003878750597753e-02,3.070173822391830853e+01
2.262052830953397153e-01,7.627371026776741392e-03,2.088284299369613795e-02,2.521339586963755597e-01,3.944554888125771375e-01,9.215580622087035323e+00
3.032600219557219923e-01,3.869074082969977679e-01,2.012053244707346922e-01,1.861808727940222896e-01,2.004409472898893707e-02,3.201405137944933443e+01
3.664113697224258281e-01,2.253707695281954582e-01,1.742364987723363789e-01,3.608203846249385394e-01,4.786087667337357021e-01,3.536034450179072053e+01
1.069364757246615283e-01,1.266070264627265352e-01,3.903977658271250428e-01,4.722823432410523381e-01,1.430084180355106760e-01,1.061934775020295696e+01
3.918743083289062401e-01,4.575244450945946117e-01,7.128061059048312886e-02,1.037722008449468158e-01,4.195315995726090486e-01,2.960781071956466803e+01
1.132291197406426475e-02,3.330163186196946068e-01,3.325114732487819413e-01,1.340191885983770259e-01,5.209363957876689266e-02,3.662013376806110276e+00
1.848642635196290351e-02,4.125714790252528186e-01,2.038844293158489918e-01,2.448630891021020273e-01,1.463693949381431048e-01,8.053273893167471442e+00
3.472436842096771614e-01,2.054049247242963894e-01,4.618582908523641839e-01,4.437338549776388974e-01,4.055115547873749393e-01,2.959874218239629329e+01
1.285064277521696940e-02,8.827127365242681822e-02,1.124857963216011059e-01,4.072483841267222626e-01,2.890707081448862237e-02,8.369324745857770864e+00
9.038826047423775822e-02,3.863066835992435832e-01,4.749808609512475299e-01,2.136534087348938016e-01,3.908913196667224144e-02,1.427182858813853272e+01
3.269630711626392294e-03,3.337932503987496302e-01,2.610940137834472652e-01,3.653493843478286540e-01,2.707970120908650968e-01,5.590955600103962198e+00
9.527376484193272876e-03,1.641187897915353244e-01,4.837525654160496069e-02,1.813473453943460489e-01,2.547991552310258090e-02,8.205349405926703810e+00
3.387891216886026458e-01,2.084175912514841800e-01,4.400035434698050807e-01,2.254078710447833256e-01,2.218331890900871461e-01,2.190969593548215499e+01
5.019416817554511745e-02,4.356595542678330935e-01,2.334800753352359592e-01,3.047717196557159780e-01,3.252230084451268044e-01,1.772402958330707534e+01
3.199489752731886627e-01,2.005552995131728022e-01,6.811787327278440163e-03,7.752804353782527524e-02,1.861405964845214145e-02,2.703496608336744345e+01
1.424915183266397545e-01,4.948415148749076842e-01,2.607345877863368466e-01,3.608314788478024782e-01,1.564046283555755590e-01,3.181570089722779215e+01
4.754273475988081143e-01,7.784057778583924891e-02,4.638462525842569351e-01,2.749492573640854864e-02,3.432925697757728822e-01,1.599877221770418956e+01
1.527639343854144127e-01,8.935717179138996658e-02,1.573275054580969279e-02,1.586734772654824766e-01,3.038835458523507782e-01,1.093167152231542438e+01
2.004424933076293103e-02,3.683442503567765924e-01,2.591422659352248248e-01,4.639306026428506313e-01,4.734915628082098649e-01,1.245298943081159138e+01
3.836916816318146628e-01,4.172966272718381386e-01,3.149999575394030749e-01,3.732097559849790747e-01,4.826636525040282621e-01,3.578301835773474693e+01
3.804157468340001458e-01,1.758090386919017312e-01,1.389896024740326919e-01,1.560716756010834261e-01,3.768207127321121508e-01,2.924356062226896213e+01
1.991842962506357173e-02,3.802023563286950347e-01,8.487583619175831373e-02,3.612063530231942043e-01,1.083849490349470535e-01,1.092391898887730406e+01
3.996158091029100579e-02,6.813110770383057346e-02,2.205608227381691266e-01,3.525158380506076550e-01,1.031319671847969466e-01,3.491510232899896149e+00
4.428203466595113102e-01,3.197608143546422088e-01,4.401515682525642958e-01,4.995316549483486135e-03,2.592433146260852417e-01,2.747808281198321723e+01
1.072224457460799196e-01,1.543345379668485950e-01,4.867746162743887273e-01,1.375708303839923152e-01,3.367798998142762512e-02,8.031462347462474227e+00
1.965825895656140854e-01,7.456011451788141509e-02,2.706709928555833256e-01,1.024804210894474932e-01,3.247682017038028279e-01,7.110020356792716711e+00
1.664809847156316636e-01,2.227077104108937111e-01,1.503860721452197069e-01,1.505809292755270756e-01,3.195097041727190113e-01,2.469460091438191540e+01
2.898834295041683995e-01,3.500361209757318348e-01,1.625560630335456946e-01,2.577475297404025478e-01,2.994115329857675589e-01,3.388258094045431790e+01
3.597245164431034370e-02,5.489176238074811032e-02,1.699942132357085134e-02,1.574495274146116008e-01,2.146617004773013204e-01,1.018347567131392140e+01
3.883074516621883854e-01,2.220240021419261911e-01,1.501971264890891167e-01,8.569810637584113211e-02,4.217395052265449640e-01,3.019502741281642599e+01
4.821582967625726024e-01,1.489589132291182505e-01,4.280340627875098281e-01,4.649910526895467133e-01,2.823418449263629393e-01,3.003032610471811026e+01
1.647084556119992049e-01,3.144464385541972939e-02,4.253610448405334421e-01,4.685731926871208874e-01,1.546139329180390987e-01,7.060623773681639292e+00
2.113549298102095908e-01,8.346593972631016767e-02,4.604198882119233671e-01,4.671452896500876140e-01,1.225337956829302688e-01,1.052037099808439358e+01
2.796348925904402760e-01,3.425512056767110458e-01,1.396124484685791201e-01,3.520044032760487607e-01,2.715854261195700947e-01,3.391227224593938416e+01
4.989257796415269008e-01,1.628356300549633762e-01,4.582224007048235626e-02,4.521788844778584782e-01,1.217707036590063296e-01,3.669276720549856918e+01
1.001787834795747623e-02,8.498075020384820988e-02,3.672121536762292249e-01,3.231131915593560278e-01,4.784355738852296702e-01,5.421734449164498315e+00
5.084625670147091547e-02,3.114739796877910583e-01,3.076519633987000457e-01,9.553622831511876523e-02,2.447465666911705640e-01,1.061186177667480024e+01
3.920855185726920822e-01,3.797686620601251062e-01,3.541829121414921122e-01,4.009124395523000484e-01,4.404285547990016703e-02,3.057899790363444126e+01
9.476710581762476382e-02,5.190147333333033908e-02,4.536467683782202664e-02,7.781868623274995622e-02,2.071721793217929375e-01,1.012157996882819333e+01
7.577691641526734800e-02,3.593860128422622924e-01,3.121781585790841529e-01,5.027111856707233706e-03,2.555601229130852192e-01,1.349587122457896449e+01
2.117817481416945369e-01,1.586377092288193680e-01,3.958912827921194366e-01,3.840390436817128772e-01,2.315474024879061177e-01,1.712735859148108020e+01
4.410290172923488350e-01,4.018309857100338944e-01,3.618303264928788843e-01,2.639567256050891486e-01,2.402484483931649484e-01,2.598669281072535853e+01
6.548406886868529675e-02,3.216036498091434659e-03,3.295383280624931688e-01,4.478060666726579875e-02,8.076590002284339542e-02,-2.131843268216299769e+00
2.300744963974497570e-01,3.670697550739076553e-01,2.091092438996570713e-01,4.591109764178957220e-01,2.768081608771589819e-01,3.831469339843555844e+01
1.192501113197718121e-01,9.464296024957885578e-02,4.274854929854191021e-01,1.296734651946764294e-01,5.054178117376673107e-02,5.178457392795468017e+00
3.845511088422435830e-01,2.042551605767238265e-01,2.750686528115281471e-01,6.352190468218610331e-03,1.120966277602471473e-01,2.704684645567747836e+01
1.670469313917053444e-01,2.847870197478792331e-01,1.289973751190265916e-01,3.332169159280700121e-01,2.472922117433943856e-01,2.260576024925308758e+01
2.333303841659120637e-01,4.933089868163854641e-01,1.486162347789384830e-01,1.712656864723872130e-01,3.567589153997581808e-01,3.279214727200522361e+01
4.284785113679633328e-01,9.759183424166428811e-03,4.595460027670177916e-01,1.351757763459395245e-01,6.871821958179574752e-02,4.452696917653834241e+00
2.619116566327225337e-01,3.352261364000990174e-01,4.346070562679447136e-01,3.526815659803839709e-01,4.606461366910569732e-01,3.298179791033383879e+01
3.728500003617031267e-01,5.956511147955489971e-02,7.140679838830882309e-02,2.868340239078867038e-01,4.165078814101683680e-01,1.648709570847889694e+01
4.113493047089149535e-01,1.952818109590430673e-01,4.652355333633044210e-01,4.023144226881888996e-01,1.248617784737673930e-01,3.241259732943246519e+01
2.391706065005091975e-01,1.332621333842782252e-01,2.491689002476179526e-01,4.729821298363652282e-01,1.602400683382146918e-01,1.648588575587080740e+01
2.548062787668410878e-01,2.259751334465529560e-01,3.868722570038201081e-01,4.948116936683384370e-01,3.967543081863188492e-01,2.529928632420064716e+01
2.516152957147520519e-01,4.159976798450491509e-01,3.291549299669714879e-01,4.604351102530404583e-01,2.997802185737984404e-01,3.230398002713757677e+01
1.909477861196410831e-01,4.514717600567024203e-01,4.963808309277802921e-01,3.297266172886476610e-01,4.615153121137847148e-01,3.041341247003250103e+01
3.258306844946085579e-01,5.286758093256449520e-02,1.987594663345537138e-01,3.033136574007859743e-01,4.782870568745560269e-01,1.514750209787339941e+01
4.616594020186113312e-01,7.539441571593941127e-02,4.149794824037716934e-01,1.017284078858117780e-01,3.666743742334652167e-01,1.737037362279492569e+01
2.406710191193359716e-01,2.795956535719956171e-01,2.813765107491841277e-01,1.344748081309219412e-01,3.074892242669715614e-01,2.310144165178352083e+01
9.450401088709653452e-02,4.478269590890162632e-01,4.169346519722118560e-01,2.499015271003048322e-01,4.479720822107810529e-01,1.425324330430367681e+01
3.421234677843120187e-01,1.680060350830827609e-01,4.549594137605676991e-01,3.760838101373263909e-01,1.076609011779386393e-01,2.329114722582961505e+01
4.932913243995717956e-01,1.153002085910466712e-01,3.567661542091684623e-01,2.354171994818088365e-01,1.390773940897056526e-01,2.267856026724751928e+01
4.482549863597562467e-02,1.952105462330835373e-01,1.462388586973977223e-01,1.607330274619991894e-01,3.221268632022116774e-01,8.056353062232194162e+00
1.774546417119700625e-01,3.014496242879315391e-01,4.923772442307475239e-01,3.559387555964241279e-01,2.581218158178400501e-01,2.274320568257851249e+01
3.126557085986920725e-01,1.323735227279256854e-01,4.151380047674746443e-01,3.726539180441426069e-01,3.909766056615478491e-01,2.064710491591834440e+01
4.191716098493170062e-01,3.895158242135349780e-01,4.177024478933654694e-01,7.709341728260959981e-02,5.181859959825152462e-02,2.983757323640648451e+01
4.183223530752417374e-01,4.037050903178968086e-01,4.967546919806560268e-01,3.101201777532807680e-01,4.987297145223235084e-01,2.793101630501007904e+01
1.687821771844048024e-01,1.058985461263406425e-02,3.047393189837605543e-01,2.398945435472891741e-01,1.823953009139140935e-01,2.243236664344886666e+00
3.083864031081683943e-01,3.908407274721134028e-01,2.608604603177041570e-01,1.049431810227736683e-01,1.222212274774553964e-01,3.156940815826617808e+01
2.445989132986757797e-01,2.399145883574774762e-01,2.056734113103594330e-01,1.325508743694985836e-01,5.346055216719036718e-02,2.830572916463749422e+01
8.439991996276180464e-02,2.322577089851081134e-01,4.259038186984037688e-02,3.136971053595179471e-01,1.035669475623906544e-01,1.767156456043210255e+01
3.265295761122809504e-01,4.623632026388549421e-01,4.532569129487723503e-01,4.159438297375133153e-01,2.140769586150786385e-01,3.496682993724285637e+01
3.496257792687657573e-01,3.040689142727683314e-01,3.688631457137547809e-01,3.921543304610667913e-01,3.457676989233041120e-01,3.410846377568754662e+01
4.442995610960606134e-01,9.020159896819751610e-02,2.705801825312774689e-01,4.643235663545150493e-01,4.863697556215634821e-02,2.165121084432015053e+01
1.729151596005230052e-01,3.072613961615991984e-01,3.002557054522033697e-01,1.388271808335688196e-01,2.125074250001509624e-01,2.329327929680604115e+01
2.861288799340062083e-01,7.883099781516522686e-02,1.621401572012712289e-01,3.115460152152005335e-01,3.601061469515884350e-01,1.719383797894795407e+01
3.080167728569555008e-01,8.905470081765898271e-04,4.244488343226754945e-01,9.688519287084068621e-02,1.063822586276590987e-01,4.000859557329432548e+00
3.456931297321128027e-01,2.253105848198379002e-01,2.370841929315333219e-01,4.917701998803389873e-01,2.819421961458269954e-01,3.323619515336104513e+01
4.031329405451180570e-01,2.526882672055518197e-01,1.045197995434511418e-01,8.870078708933304412e-02,3.038983595089054801e-01,3.523532842904579354e+01
3.212546769943692149e-01,5.061550212465887322e-02,1.180340706017044550e-01,1.016663340763523937e-01,3.977187346427146775e-02,1.103898680751914263e+01
1.677113090108831583e-01,4.071613254941734983e-01,4.960411760825195748e-01,3.962286799398114234e-01,2.052968082566887786e-01,2.432179853006840631e+01
3.309044384439850939e-01,1.980625752168342357e-01,1.703202423813892086e-01,1.513315269796349782e-01,3.858940672072905254e-01,3.167644941129719172e+01
4.704796306569288267e-01,1.464723829707259561e-02,1.350881083918910597e-01,9.227499030501462585e-02,2.584397498199957899e-01,5.286870819152663437e+00
2.348919364140910071e-01,4.488136428387650145e-01,2.986737743546240553e-01,2.415927764315162207e-02,1.196366959828604193e-01,2.986584546504053606e+01
4.367856115558036434e-01,1.372100067094530473e-01,3.167580808579842366e-01,2.219354741133305886e-02,2.528670169616610841e-01,1.981493837531333924e+01
3.920136261699592173e-01,4.794817971951896296e-01,4.049911160247104958e-01,5.984941773100105333e-03,1.621072641661087665e-01,2.376104284474310546e+01
3.296039963622250379e-01,3.274943247456343354e-01,1.344866887459714722e-01,2.064010830534441787e-01,1.570408597144347107e-01,3.748171865679996984e+01
7.103615390339740321e-02,3.760347940366902675e-01,1.591096216102644845e-01,6.672213686185102244e-02,1.145117950730633605e-01,1.332829461406645422e+01
1.757522466343726109e-01,2.158714283429924441e-01,1.199248618471722150e-01,1.099364441263529502e-01,9.582242012041453094e-02,1.856277765674168378e+01
1.615273969160262446e-01,4.410195196484630875e-01,3.158814697065723265e-01,3.592325775843113189e-01,4.331875136122015357e-02,2.591434928357626077e+01
9.396224889487203580e-02,8.867921015009710972e-02,7.555689900988693530e-02,4.858325680003884872e-01,7.302550450317724096e-02,1.062582620609702033e+01
6.077440185092147784e-02,4.856188492594993300e-01,1.723447434458447725e-01,4.348432422989150781e-01,4.285172470625838725e-01,1.944454124803961648e+01
1.718913883465145176e-01,4.024502290257892523e-01,6.205841151207225348e-02,1.547881142140994370e-02,1.447112865939417792e-01,2.539807035082425912e+01
2.511980950843641369e-01,1.694069688020966580e-01,1.302419223025707562e-01,1.526721065459096804e-01,2.060962327424916696e-01,1.906068280637132872e+01
4.860085913220981158e-01,4.435535909898844498e-01,1.093041922808554167e-01,2.158264216354090492e-01,1.108211149677207352e-02,1.780903665511772971e+01
8.977667973219422004e-02,2.357765816296354400e-01,3.761858829833499285e-01,2.344893944257084861e-01,2.509517070767649516e-01,1.418480178922484747e+01
3.965635567131414740e-01,3.964017813041864069e-01,3.823292169725008294e-01,3.342386533876755550e-01,2.840726217329546666e-01,3.058065370580271036e+01
3.947060458972284636e-02,3.381799251269184126e-01,3.474613035145291406e-01,3.589128478634995290e-02,3.429944153459916767e-01,6.644685759303209593e+00
3.133621756626747690e-02,1.164471668088556955e-01,2.322685362905154149e-01,4.930659805415695818e-01,2.240053213539444643e-01,8.877166096925440897e+00
2.395591747936454685e-01,2.901579035814746410e-01,3.009276417548241156e-01,8.191020029702972272e-02,2.405821471033399717e-01,2.986620770751865450e+01
3.084254377911874734e-01,5.921110686493186170e-02,3.092353353748079625e-01,2.881971289164022010e-01,2.762951649945386001e-01,1.169410634897038115e+01
3.086803025646562282e-01,2.869430276860691076e-01,2.232277809464215945e-01,4.886716296083575828e-01,4.975438150989943131e-01,3.776801148593848012e+01
2.184897486477793693e-01,4.904507477412432537e-01,4.755624171383845411e-01,1.556492250033723601e-01,1.592497561896577540e-02,3.105906551978174690e+01
1.662982075761215706e-02,3.978964118909501524e-01,1.790239881274341971e-01,2.844494368974113119e-01,1.731132205507516231e-01,5.399208702330820842e+00
8.314591802447035551e-02,4.017109989163321626e-01,9.200166723370001298e-02,2.760281357615686493e-01,2.362887769943497474e-01,1.861366152064558932e+01
3.918181566580699049e-01,3.379074039149636555e-01,4.390974046813196363e-01,4.678519858486820393e-01,3.101585746573778946e-01,3.716831809401209341e+01
3.721520577647476347e-01,3.428176219108101663e-01,4.818032218460738259e-01,1.331566183465275888e-01,1.690405991360693361e-01,3.158549910935949967e+01
3.611238789133053295e-03,3.470783276845125775e-01,3.527861376332390719e-01,2.522012423333264697e-01,4.869109480107101096e-01,6.756450343113240997e+00
4.986029782910714747e-01,4.583725290486840298e-01,2.744232535033006015e-01,2.722348332542559590e-01,4.879020712824055916e-01,1.159132270838719414e+01
4.370675582330579845e-01,1.632449691650456614e-01,2.281027468328652441e-01,1.182394978160205556e-01,2.915301772127949498e-01,2.916214171112845932e+01
3.107007110764015700e-01,3.512537111581177096e-01,4.428688505490784855e-01,5.649683034636676648e-02,4.618577861631982251e-01,3.329367672894980501e+01
2.043549872294024849e-01,5.179255097146756581e-02,4.894423765021711503e-01,1.631057735192958935e-01,2.831412062259578977e-01,4.393884278141520383e+00
6.569217577606784042e-02,3.166317653554774347e-01,3.028957046282607646e-01,3.676260729414509432e-01,2.445245905126331443e-01,1.698534364529578511e+01
2.014202308236470729e-01,1.799067037006384373e-01,2.259618160421316135e-01,2.484852115649081594e-01,4.573883980830872886e-01,1.837356569211700474e+01
4.656127334563993636e-01,4.337126926196567811e-01,2.590890346066607175e-01,3.148476103847308027e-01,3.810435816315932978e-01,2.599161267764242211e+01
2.600118704393170055e-01,3.970768986830723879e-01,3.047087952341486217e-01,3.065357721705149752e-01,3.262687336796042392e-01,3.521443806643362251e+01
9.878250233715590856e-02,3.500332044530479192e-01,3.852082526529483908e-01,5.119114451708495217e-02,8.873383153539893264e-02,1.430579804898507668e+01
2.172329244906639478e-01,3.539807045697164201e-01,1.926442553806700375e-01,1.803230493645928134e-01,3.856011612514557152e-01,3.142410084919939806e+01
2.395711873855010943e-01,4.679813083797409456e-01,2.589069017399719952e-01,4.661893522070026941e-01,2.338255450691874571e-01,3.242449104150585271e+01
1.867898184199596745e-01,1.064560154916702750e-01,1.095999597819130034e-01,2.174264228009887279e-01,3.994723623154450287e-03,1.270788776434173251e+01
3.539461064080768327e-01,2.244052353075375317e-01,1.360723182473554393e-01,2.978321286914475952e-02,4.439015289958688215e-01,2.813122086323125259e+01
1.568037185343589823e-01,1.530262249477654102e-01,4.594212492072708431e-01,2.947246037604251412e-01,3.239833526748397974e-01,1.344463649992545307e+01
3.370152455322571461e-01,3.467853246637868092e-01,7.412159032346549159e-02,1.943135987178638002e-01,4.514227629807711084e-01,3.910351150801151476e+01
2.404221594713531474e-01,2.023773959479511220e-01,4.670458920946106152e-01,2.761030407906912010e-01,3.701319220106673580e-01,2.174225540078122165e+01
2.563191322325820698e-01,3.910518255713371638e-01,4.688340000499472970e-01,4.900692825379758255e-01,3.875450853448877409e-01,3.632213647360886455e+01
7.084576285873728230e-02,2.089809780052722665e-01,4.837649157780321563e-01,1.325797809754805656e-01,2.271781671397301583e-01,6.567422929013943644e+00
3.776609066458186947e-01,1.571048699415322769e-02,4.337646952518420251e-02,2.535605523357596924e-01,4.272148205861530101e-01,1.062520947350832934e+01
3.797220702139746384e-01,1.995421509706831187e-01,1.762181631605678755e-01,3.916818040628600173e-03,1.447402680978427947e-01,2.826359731408748388e+01
1.001095108979992987e-01,6.647529339593816200e-02,2.953779432900742741e-01,1.883716851182133389e-01,4.305489112004088348e-01,8.204949992221287403e+00
2.432763353110078963e-02,2.270451556306489760e-01,4.032526568016614466e-01,9.051743806887335708e-03,6.305455722898362092e-02,-3.366903084554788705e-01
1.822588909479732622e-01,1.216099407114424324e-01,3.200213825962772707e-01,3.913678871142827198e-01,2.098883946497615560e-01,1.122122588057582071e+01
3.921671167153228943e-01,4.977952829275327784e-01,3.145943610868330853e-01,2.850336913786815640e-01,1.405437156053098713e-01,2.390288156342554160e+01
2.210220817729323661e-01,1.031228214962937040e-01,3.046251763265416246e-01,2.829908962874395084e-01,4.312787932752478182e-01,1.585482352983970067e+01
4.165650251777746060e-01,3.880350021032545893e-01,9.165392972433666907e-02,2.477070359127351851e-01,4.472957416948943887e-01,3.542033888376936801e+01
3.397510191060956197e-01,3.510624412720883547e-01,4.478955885149174532e-01,9.183410108947887007e-02,2.357171764404833447e-01,2.918225800918973789e+01
3.560723646876744475e-01,3.571327529786754718e-01,2.773060661966000318e-01,2.796865743955919137e-01,4.450052778195898173e-01,3.476838720684759210e+01
2.917775151748054907e-01,1.312818674265531227e-02,4.321173952910356553e-01,1.730077248500105913e-02,3.698029232006825873e-01,1.457554109280385646e+00
6.579242701280185734e-02,1.308471445273095557e-01,3.377423904558303769e-01,2.483188720017204809e-01,1.686402171188521315e-01,8.622191625974881646e+00
2.113343464392933857e-01,1.189477225081657097e-01,2.582407544386523535e-01,1.161578452296593289e-01,4.748142485273631475e-01,1.345878177507447582e+01
3.318825440607610089e-01,1.812159775750346036e-01,4.629334487430541989e-01,3.166360097438956078e-01,1.028704745750147476e-02,2.175375731810524016e+01
1.543077623200301840e-01,2.028018540231192324e-01,3.196449542934957089e-01,3.213608102839204950e-01,5.144993085081978057e-02,1.440010982185458133e+01
1.167968124719498957e-01,2.074196593724713655e-01,1.361902844489038533e-01,4.784850861149110290e-01,2.542379262557958319e-01,1.836743364330715522e+01
2.962753419594575943e-01,1.815849475614439434e-02,3.621225002143324545e-01,4.590847804648175434e-01,4.555866568165438668e-01,1.184810734856844050e+01
4.335765536443411117e-01,2.577525614985995417e-01,1.218378707697109764e-02,3.402342332746921549e-01,1.506811336781378463e-01,3.858478048204366928e+01
3.403852847343595278e-01,4.639360566369457040e-01,1.476856016120736692e-01,1.321500465924732581e-01,6.418277486899465201e-02,2.883308954820835979e+01
3.247174644452171521e-01,5.209568786135243545e-02,1.107010750494952234e-01,1.293468432323731654e-01,3.776393965309432499e-03,9.411488178113275538e+00
2.684701626400740615e-01,3.431725189954148991e-01,3.846657943448699712e-01,3.282622625624864732e-02,1.752458715908314923e-01,2.735727695853799091e+01
1.239533195749986660e-03,3.343655062507063791e-01,4.104598535845990770e-01,2.713340542833043156e-01,1.924604260871529138e-01,2.978340601461495929e+00
3.737204793501034406e-01,3.804049382284121483e-01,3.189265018555361708e-01,3.368046018927346452e-01,4.907107647074839818e-01,3.289273157529176927e+01
1.895821862498171528e-01,4.147114706987697907e-02,4.824056738871524419e-01,4.279226032123814027e-01,4.341073856428948052e-01,1.065476978006612896e+01
1.614607112976482739e-01,4.558990311919088878e-01,3.284586788505822752e-01,4.780550665585089898e-01,2.426871407969670713e-01,3.247296645790969905e+01
1.595630235968594768e-01,5.361598092465102994e-02,4.128954375537722266e-01,4.109398279979744051e-01,3.822240528100185331e-01,1.247968092238969540e+01
2.483899067558790197e-01,4.350680776001196737e-01,1.464484813358930548e-01,4.146894471153292350e-01,4.717619694071987779e-01,3.836265587103819286e+01
2.831577206152139925e-01,3.698990232865345673e-02,4.115379610860479542e-01,3.095136584933674273e-01,3.209230191908027385e-01,9.429091920169264895e+00
1.056143485110381253e-01,4.720813671677842605e-02,2.526092097676336801e-01,1.680327298378352374e-01,3.022190825951655557e-01,7.292302673924321965e+00
4.677034332312617337e-01,4.136339154057697698e-01,1.139863767356156243e-01,2.160966108525263496e-01,6.551765609030701931e-03,2.119981097163502071e+01
2.880961060022547704e-01,4.750704010917558562e-01,2.777992022379995873e-01,1.526278629393220676e-01,1.322017483031218132e-01,3.151751234230886212e+01
4.908442355908079202e-01,3.368373166296245724e-02,6.273935235302691149e-02,3.712802895626534094e-01,3.003975108857577792e-01,1.405115985968706127e+01
8.924845647909795954e-03,7.996371976772276291e-03,3.600586970157522160e-01,2.027065152102889289e-01,1.303080933735150104e-01,3.876579287325429224e+00
3.038296305335516090e-01,3.979671404727768147e-01,1.263455893983788103e-01,2.411346388665581153e-01,2.292725197100725643e-01,3.256322053046201148e+01
6.992746674318817135e-02,2.271552897829408058e-01,3.318397631875927845e-01,3.592876565363857244e-01,1.814582253319404481e-01,1.322503255617105111e+01
2.921167367310624208e-01,3.093159463561681033e-01,3.630246016283471544e-01,4.317500152973120509e-01,1.138717899646363718e-01,3.534347505253521149e+01
2.248608634536697348e-02,5.528045120815311408e-02,4.445828829779574498e-02,1.614817989451392544e-01,2.737964144999601723e-01,1.123345671195921192e+01
3.356729907350411435e-01,4.841032405779929770e-01,3.732695824078921532e-01,2.746422441494353328e-01,2.574297005950926809e-01,2.911093917701947120e+01
4.125280303451427377e-01,3.522761594019420128e-01,2.362324638462127702e-01,3.398827839871969569e-01,1.206782378899609598e-01,3.455630611074032998e+01
4.097333151019884045e-01,2.342192409235051564e-01,4.551354854792188931e-02,3.124920373364075687e-01,4.324790804395049482e-01,3.963164110026660580e+01
4.813785446921132749e-01,3.251943234550359052e-01,4.275276149889767341e-02,1.112647014185470518e-01,3.442486253667522700e-01,3.737705310731298169e+01
4.479874546697607540e-01,2.439219258658650302e-01,4.401115548572641645e-01,3.732422009281579633e-01,3.404498444227194165e-01,3.496733073014694071e+01
2.852594296714257016e-01,2.475775431373034574e-01,3.021012418228798402e-01,1.305644860444780120e-01,2.203621419826818917e-01,2.827767441656855851e+01
1.402530013758650496e-01,3.133603497594448783e-01,4.804595518412961286e-01,3.087969268253535904e-01,6.953294556874339838e-02,2.120503999763396408e+01
2.510676655247305877e-01,4.039842666536657689e-01,2.690120148139020229e-01,5.108532688666850285e-02,1.222421048924952625e-01,3.126487994386078739e+01
2.009592300277716626e-01,5.558393781164461256e-03,2.603894523959623952e-01,4.127630081901023096e-01,4.568583036485724391e-01,7.926573025350919011e+00
3.736355953375216088e-01,4.989789414676236157e-01,2.954177477566299337e-01,2.900547849354146446e-01,1.708803226004595444e-01,2.629970963284977969e+01
3.302050229803881187e-01,3.175778946873157871e-01,9.205571570423809469e-02,2.671552352651627715e-01,7.139739574547304679e-02,3.614338577271470854e+01
1.086657490720484565e-01,3.531206434730155275e-02,9.090124566493296143e-02,2.126808611574180219e-01,3.075841677940804875e-01,5.061460785944253971e+00
3.749618217889177929e-01,2.272167982928846586e-02,2.756655350953775008e-01,8.525490354366194179e-02,3.064642974887190063e-01,7.368358097841356980e+00
4.894604388143445894e-01,2.501983759110913974e-01,2.116916101346139056e-01,2.073837465999024410e-01,4.732781921997306629e-01,3.318090987985719664e+01
2.901666013673091515e-01,3.654752869683607908e-01,3.903242293243824879e-02,3.334950934445971016e-01,1.925461151847307484e-02,3.528178627121328503e+01
4.968611145418238562e-01,2.516847743696284390e-01,1.812685839857535730e-01,8.455636376185660108e-02,3.609045545230253338e-01,3.470419562289281856e+01
3.069095456942167455e-01,7.606807847791230426e-02,4.022411630915849745e-01,3.796685939595452752e-01,4.547410282477140075e-01,1.635132501866637611e+01
4.610935960575762715e-01,2.261494699195688018e-01,2.863824857387226031e-01,9.927504946232806882e-02,3.993176099956977088e-01,3.160307382215132677e+01
1.567476025121819494e-01,4.357240831876046383e-01,4.481305925641727028e-01,1.797163970487465345e-01,2.535806787110106431e-01,2.291143155459878855e+01
1.346661598321082787e-01,3.883856492046383613e-02,4.894190246246329368e-01,2.019855059285881049e-01,2.435142135226615601e-01,3.977342958901657788e+00
1.657647967420687318e-01,2.102531641823605080e-01,6.643539094019434987e-03,2.951558972290125316e-01,2.155083480149820874e-01,2.334139808042197473e+01
1.039481553208705944e-01,3.846165469228591816e-01,2.083318257308707788e-01,1.862653261881193623e-01,2.015717715161663426e-02,2.249167908923515213e+01
3.792677921878367386e-01,1.678292630897018078e-01,9.782974123198850958e-02,3.368995220855169337e-01,4.546549454641781174e-01,2.995211148893492847e+01
2.494264194548551639e-01,2.832239013334504896e-01,3.696920293909811694e-01,3.598486643502942783e-01,2.940742819500967720e-01,3.337028526888263258e+01
3.179272746887066847e-01,3.431451229865424835e-01,3.220307631745895627e-01,3.641845273091782187e-01,1.212995929543316254e-01,3.766108588136484059e+01
2.185121997263713145e-01,4.315625752041789553e-01,3.284652803725688908e-01,3.656011474194027500e-01,3.854275448260527370e-01,3.518498222597678904e+01
4.338796040227743678e-03,1.924814746964969014e-01,1.932641385129795220e-01,1.555772509998953890e-02,1.293867304289462727e-01,4.941609125453843454e+00
2.345306129553106911e-01,2.724180249295327094e-01,3.603565867093445618e-01,2.270899009789935641e-01,1.907271571597017878e-01,2.691695088550411796e+01
1.512498012114698032e-01,1.074131535977090324e-01,3.916855800335145577e-01,4.119188759922515208e-02,8.524136557789074864e-02,6.152344098928773874e+00
1.352022992466306861e-01,3.066187065952141744e-02,6.744822626795915488e-02,4.528038216520524628e-02,3.940423614716385692e-01,9.836759242437397077e+00
3.221544393002312989e-01,1.407363187198185095e-01,2.246665583441015968e-01,1.922401792530659126e-02,4.852497252009124185e-01,1.855344236577927219e+01
1.778871187086639161e-02,6.595048232306965907e-02,5.815540447878131403e-03,2.439457717346859011e-01,1.497313476585610537e-01,1.122303048327972519e+01
4.908125464033130658e-02,4.725651328076289626e-01,3.243600189428121894e-01,2.951642753783754736e-01,7.952950864389762842e-02,1.285567270485247171e+01
3.849151373006498567e-01,2.868158079382959746e-02,1.150528982989933446e-01,3.519618338367997978e-01,1.626633146850678946e-01,8.551818664857959718e+00
4.418264426229888131e-01,6.325815937038492542e-02,2.677123815535276119e-02,1.862358019537853626e-01,4.648811913050023836e-01,1.702582461571296690e+01
3.320289291199139958e-01,2.196254821465603024e-01,3.779389403902611577e-01,4.544158743728421435e-01,2.671768308294301120e-01,3.040930032476501665e+01
1.141567149606148579e-02,3.606897201764009409e-01,3.198824973212351375e-01,2.927511988148341904e-01,3.133480541489845339e-01,1.130851694970247223e+01
4.154054781298446852e-01,2.455409505798936687e-01,4.952808534247744032e-01,3.090142997569434447e-01,2.020699716836754090e-01,3.608814531232093969e+01
1.747626730540631779e-01,1.582956040651861684e-02,3.465946313878500162e-01,2.491074100306783778e-01,3.661383350718249163e-01,3.213854787886559983e+00
4.054444701443823962e-01,3.417913993958082153e-01,2.715227626049767085e-01,3.416124079268102465e-01,7.209079478630897597e-02,3.727575858192624736e+01
2.027074340503655092e-01,6.599705582356679701e-02,3.558759118503847518e-01,2.562486109399455536e-01,3.690396097534315856e-01,1.128896888179909652e+01
7.901420306420520179e-02,3.722604059373112451e-01,2.003021716894539672e-01,3.555253945228405432e-01,2.165633058091132601e-01,1.465443856603279471e+01
8.755578680988324036e-02,3.627410108248318443e-01,9.329740938311520404e-02,4.939577371553952601e-01,2.740034327733945618e-01,2.118326209515877423e+01
4.190697725067044632e-01,5.846971735817024785e-02,4.894836162950267910e-01,4.215837285757434438e-02,3.614163825265893637e-01,1.123429342616445936e+01
2.454400151098296567e-01,3.522309076180596410e-02,2.978839725069298838e-01,3.130262148105012465e-01,1.690884531261046542e-01,9.897500891177779536e+00
6.973108010756928765e-02,2.202182040546654673e-01,4.054929325719783262e-01,2.803561604397230012e-01,4.516433226799043688e-01,1.181669834940235830e+01
2.219973722584851483e-01,2.082097786429708552e-01,2.439351971268651775e-01,1.526028416642233321e-01,2.541750379030153772e-01,2.126001670256621523e+01
1.203704454409657565e-01,2.602099132964281747e-01,3.351712773181986238e-01,2.602171333900221706e-01,3.366175489835643297e-02,1.488970170937845339e+01
1.122839192433023880e-01,2.709652693384330124e-01,3.830327637193590706e-01,8.987049689039838807e-02,6.661993183124886864e-02,1.171734412963402328e+01
2.965733506224391136e-01,4.040486920245178748e-02,2.571283031567098698e-01,2.634419117389735776e-01,4.070722909278993162e-01,8.889213472919815118e+00
5.560484392476955362e-02,4.329726587636500978e-01,8.862005586669330359e-02,4.516534622425163459e-01,3.867206228903506404e-01,1.740412068162051185e+01
2.843029308581129788e-02,3.654440278560149857e-01,2.680729006314735985e-02,2.314416579291848630e-01,2.062455216870043850e-01,1.216434631339434169e+01
4.537040896304276871e-01,4.895827015798202009e-01,3.314505319517074833e-02,4.196689523316333714e-01,3.414448671665772927e-01,2.251177446055545772e+01
2.445592873356722818e-01,2.468177385795747303e-01,2.508805407984621150e-01,2.350869700587353561e-01,4.069037110359330356e-03,2.127005688688764096e+01
4.596454199815053210e-01,9.478691113844739391e-02,3.537857883088660893e-01,2.328917401422443412e-01,3.479955111706398152e-01,1.948546974734169979e+01
4.781530584233901204e-01,4.210753632728397866e-02,3.608515905507073129e-01,2.830893711433798976e-01,2.022110391391664930e-01,1.104367134133894091e+01
4.157576847521362584e-01,3.128047259333808783e-01,9.373092402726174166e-02,1.952567085664813074e-01,4.489534756179142660e-01,4.076626441970427095e+01
4.221889576961449508e-01,7.093667006025916599e-02,3.562534922786109726e-01,2.192653794187859884e-01,2.164922441764334793e-01,1.794023575359148381e+01
2.109156913611492379e-01,2.445839912630905499e-01,7.087768718264803036e-02,3.507956800614289716e-01,2.529843827858723193e-01,2.758647623175095731e+01
3.790446538251863728e-01,2.945309000764244622e-01,4.664589630298829337e-01,1.334931970849564387e-01,3.298258449931452674e-01,2.992129366661962564e+01
3.823268480854258855e-01,3.896481227800282499e-01,3.091648281335033221e-01,4.270454804773267665e-01,4.050389836635610585e-01,3.988328062317788891e+01
2.527158045649560147e-01,2.517445404185982283e-01,1.537589649058079821e-01,6.873157620519598776e-02,2.095351410601625775e-02,2.244679085387278050e+01
2.689172269199784915e-01,3.317792448051845589e-01,3.788161508029746494e-01,1.273148972972903969e-01,9.141751334337522295e-02,2.874509162261133355e+01
